0,1,2,3,4,5,6,7,8,9,10,11,12,13,14,15,16,17,18,19,20,21,22,23,24,25,26,27,28,29,stages
0.9967896860336831,0.947792728445599,1.0,0.9397093231938332,1.0,0.8407722848470449,0.0003890312077537429,0.00039145760524614715,0.002211650541849418,0.00040285975148093644,0.9966583345155109,0.947792728445599,1.0,0.9397093231938332,1.0,0.8378813274779757,0.0010311115793907645,0.0018537924104682904,0.025525149567680507,0.005357535874906136,0.9967896860336831,0.9399017351332983,1.0,0.9215103557823884,1.0,0.8407722848470449,0.0003890312077537429,0.00039145760524614715,0.002211650541849418,0.00040285975148093644,1
0.9555905593332552,0.9261064855769866,0.9571334248659323,0.9232782617290496,0.961218333842746,0.9633363215546162,0.0005063334790694138,0.0004349996649436503,0.0019087077211565055,0.00030259639293061033,0.9966583345155109,0.947792728445599,1.0,0.9397093231938332,1.0,0.8378813274779757,0.0010311115793907645,0.0018537924104682904,0.025525149567680507,0.005357535874906136,0.7937910364508693,0.992853811781538,0.795910234513807,0.9753553363261466,0.7986023283647858,0.781682532234361,0.0013476970598151495,0.00030667907057622837,0.0012375018143273853,0.0004613166613020346,1
0.9087908779957294,0.8699960207274687,0.9182979008146656,0.8806179484857772,0.9209205241319736,0.8719985966005854,0.0009678622151970493,0.0006011590098869904,0.0023047813343485754,0.00044297950125123906,0.9307940334597193,0.9106020274442875,0.9220188872282165,0.9130989301582986,0.9491726901557489,0.8699147249647776,0.0018112188746620228,0.0023090963633526206,0.024969111590898676,0.005462752767655533,0.8955447297435566,0.8596381877836723,0.908875236351336,0.8595934090022038,0.9284639257822724,0.8533611785005468,0.000870040004061699,0.0006033486594880156,0.0023745037979214212,0.0004488286612053522,1
0.8873049044034709,0.8737306580039631,0.9003019213245228,0.8888625102081407,0.9207075925508224,0.8778739858420619,0.0008935004583248329,0.0006120570714275164,0.002313915233782839,0.00042877598949528714,0.905059013520132,0.8699960207274687,0.8951950919926797,0.8806179484857772,0.9209205241319736,0.8696745878684791,0.0025652798990259715,0.002846857475951677,0.026599992705380635,0.005891078870691916,0.8820041875837423,0.8546430655745645,0.896262032180993,0.8550996831771484,0.9464758528142196,0.8890643294514633,0.0007992488720653887,0.0005999732894003295,0.00226733118285422,0.0003905811943019683,1
0.8820041875837423,0.8737286514894275,0.896262032180993,0.8886969324710292,0.9464758528142196,0.8890643294514633,0.0007992488720653887,0.0005999732894003295,0.00226733118285422,0.0003905811943019683,0.8826939311303037,0.8737306580039631,0.8721104100350272,0.8888625102081407,0.9207075925508224,0.8756566513771049,0.0023681870513402956,0.0028984664969590474,0.02670540906514639,0.005702189751085327,0.9074208431181365,0.8311833289787145,0.9199890459791454,0.8341222148368573,0.9880525692004025,0.9319260628415336,0.000540306802987937,0.0005426344460281791,0.0021481116804166482,0.0003003290570994021,1
0.9074208431181365,0.8533492138838527,0.9199890459791454,0.872583395755159,0.9880525692004025,0.9319260628415336,0.000540306802987937,0.0005426344460281791,0.0021481116804166482,0.0003003290570994021,0.8771763329684454,0.8737286514894275,0.8669281660747226,0.8886969324710292,0.9464758528142196,0.8870501681984622,0.0021183770103176277,0.0028412423605224434,0.0261677721985069,0.005194246267700187,0.8652287790617532,0.8385560391447522,0.8839699372311541,0.8326293967368693,0.979274257852917,0.8607271097625033,0.00041249386883397503,0.0005474704994959794,0.0015772119385649235,0.0002101256145427564,1
0.8652287790617532,0.8597538760248306,0.8839699372311541,0.8714367092783131,0.979274257852917,0.8607271097625033,0.00041249386883397503,0.0005474704994959794,0.0015772119385649235,0.0002101256145427564,0.9036329230158906,0.8533492138838527,0.8973644403344927,0.872583395755159,0.9880525692004025,0.9306901043271458,0.001432061464172102,0.002569707687945357,0.024791833471514892,0.003994004592843821,0.8504952338683065,0.8845433741146709,0.8696789609547434,0.8709987173293477,0.9802730742598982,0.9229763931380615,6.702221573512613e-05,0.0003983591262781823,0.0011399888912572162,0.00014677281047189872,1
0.8504952338683065,0.8997030041762489,0.8696789609547434,0.900909543945517,0.9802730742598982,0.9229763931380615,6.702221573512613e-05,0.0003983591262781823,0.0011399888912572162,0.00014677281047189872,0.8597145506523538,0.8597538760248306,0.8511602495428257,0.8714367092783131,0.979274257852917,0.8581984545723125,0.0010932984195232975,0.002592609374092417,0.018202952894238036,0.002794410496484624,0.837970430471126,0.863153590072715,0.8609180158071953,0.8429923761421875,0.9876343270763774,0.9655294307477695,5.53322327796346e-05,0.00038049509858184723,0.0011913976028110076,0.00011368123988791473,1
0.837970430471126,0.8811217312152867,0.8609180158071953,0.8793968809455814,0.9876343270763774,0.9655294307477695,5.53322327796346e-05,0.00038049509858184723,0.0011913976028110076,0.00011368123988791473,0.8443781754710857,0.8997030041762489,0.83282823030564,0.900909543945517,0.9802730742598982,0.9215779433541411,0.00017763968890809262,0.0018864753552838062,0.013156864705444003,0.0019518966456027473,0.8452490889788864,0.8806852685154285,0.8640265105199562,0.8594574209372204,0.9686354695271464,0.9573240371078691,5.481262595676781e-05,0.0003087446241354197,0.0008680922583362717,9.162715649680499e-05,1
0.8452490889788864,0.8963514736927655,0.8640265105199562,0.8920442652499894,0.9686354695271464,0.9573240371078691,5.481262595676781e-05,0.0003087446241354197,0.0008680922583362717,9.162715649680499e-05,0.8313409138040009,0.8811217312152867,0.8215899627531364,0.8793968809455814,0.9876343270763774,0.964903578985091,0.00014665585895294424,0.001801878202182034,0.013750184050730339,0.0015118197307236693,0.8464118264331757,0.8783681076322647,0.8671579105806705,0.8566107495287073,0.9733345025824662,0.9550638690224176,5.657580976333365e-05,0.0003844808372353083,0.0007430759287353586,0.00011189975225833082,1
0.8464118264331757,0.8943385595473924,0.8671579105806705,0.8898576360764874,0.9733345025824662,0.9550638690224176,5.657580976333365e-05,0.0003844808372353083,0.0007430759287353586,0.00011189975225833082,0.838917382075941,0.8963514736927655,0.82557744294839,0.8920442652499894,0.9686354695271464,0.9565492072405521,0.0001452786619540661,0.0014620955968788372,0.010018845343464547,0.0012185277289247926,0.8660281011417696,0.8915549129187659,0.8817966386479085,0.8684077203397945,0.9733997574790125,1.0,2.662629763101166e-05,0.0002841495686361408,0.0006555613657627484,0.00010343164963255122,1
0.8660281011417696,0.9057939173028012,0.8817966386479085,0.8989193073523964,0.9733997574790125,1.0,2.662629763101166e-05,0.0002841495686361408,0.0006555613657627484,0.00010343164963255122,0.8401276934845099,0.8943385595473924,0.8295943054105506,0.8898576360764874,0.9733345025824662,0.9542480032740315,0.00014995190976377685,0.001820753124949853,0.008576004148129347,0.0014881281510830827,0.8703410009133832,0.8494491619786451,0.885547226410308,0.8294365394118647,0.987637716128773,0.935892079165884,3.714660060164128e-05,0.00026338513260389053,0.0005074575801943031,5.3818032153160416e-05,1
0.8703410009133832,0.869216715311886,0.885547226410308,0.8689841624361292,0.987637716128773,0.935892079165884,3.714660060164128e-05,0.00026338513260389053,0.0005074575801943031,5.3818032153160416e-05,0.86054657737429,0.9057939173028012,0.8483724098133616,0.8989193073523964,0.9733997574790125,1.0,7.057193165084031e-05,0.001345622889212473,0.007565979161379809,0.0013755128713406287,0.8660351034715139,0.8371650697744806,0.8766346810299482,0.8186906637782779,0.9882648932246134,0.8995345276540272,7.215987065762398e-05,0.0003006616030929763,0.0,4.317583943372447e-05,1
0.8660351034715139,0.8585455430421948,0.8766346810299482,0.8607298746089653,0.9882648932246134,0.8995345276540272,7.215987065762398e-05,0.0003006616030929763,0.0,4.317583943372447e-05,0.8650359414851145,0.869216715311886,0.8531835469730078,0.8689841624361292,0.987637716128773,0.934728128116451,9.84555718203503e-05,0.0012472905196062277,0.005856680514671798,0.0007157131903037794,0.8313918674457201,0.7652302961506543,0.850368279577353,0.7460185346308169,0.9859722423558765,0.8588392590732221,0.0001105237492140497,0.00046814248000106044,2.086733004241499e-06,6.333043224437523e-05,1
0.8313918674457201,0.7960559142798133,0.850368279577353,0.8049078372571581,0.9859722423558765,0.8588392590732221,0.0001105237492140497,0.00046814248000106044,2.086733004241499e-06,6.333043224437523e-05,0.8605538662076762,0.8585455430421948,0.8417508113638434,0.8607298746089653,0.9882648932246134,0.897710464567167,0.00019125683677674067,0.0014238175231836925,0.0,0.0005741852042678228,0.7622949220910611,0.6975753251520131,0.7941458152022994,0.6716682444018335,0.9687020933177362,0.8466981121458796,0.00019345816444587638,0.0006663788460960716,4.2415395191048254e-05,0.00013754501670336822,1
0.7622949220910611,0.737284143567874,0.7941458152022994,0.7477967449172271,0.9687020933177362,0.8466981121458796,0.00019345816444587638,0.0006663788460960716,4.2415395191048254e-05,0.00013754501670336822,0.8244931857530418,0.7960559142798133,0.8080570897168882,0.8049078372571581,0.9859722423558765,0.8562763278409706,0.00029293875488885137,0.0022169424346681803,2.408344855265275e-05,0.0008422163332903916,0.7596218416445748,0.6964448854698568,0.7917277087455338,0.6728828445864915,0.9772105370011146,0.874242133955569,0.00023156307874732534,0.000637299190921254,5.7149692259940606e-05,0.00015331571953556335,1
0.7596218416445748,0.7363021323302265,0.7917277087455338,0.7487297223553577,0.9772105370011146,0.874242133955569,0.00023156307874732534,0.000637299190921254,5.7149692259940606e-05,0.00015331571953556335,0.7525691061153745,0.737284143567874,0.735936663613687,0.7477967449172271,0.9687020933177362,0.8439147448033388,0.0005127530889863595,0.0031557134944734154,0.0004895254859379567,0.0018291784143091034,0.7326518112074076,0.700653877378528,0.7665674726462074,0.6721251151950652,0.9710210930560272,0.8691980757606128,0.0002568024913111452,0.0006892439671468464,2.981075935050751e-05,0.00015675348927332865,1
0.7326518112074076,0.7399584772186133,0.7665674726462074,0.748147683561573,0.9710210930560272,0.8691980757606128,0.0002568024913111452,0.0006892439671468464,2.981075935050751e-05,0.00015675348927332865,0.7497866553149211,0.7363021323302265,0.732834791969259,0.7487297223553577,0.9772105370011146,0.8719588591550083,0.0006137486327494902,0.003018003450423525,0.0006595772772772955,0.0020389092347382265,0.7118047525062157,0.6339143275213255,0.7500057408335777,0.604843286511871,0.9521949577240929,0.8457076401141794,0.0003207671064216636,0.0007877236720873765,7.068605233902204e-05,0.00016773075884033323,1
0.7118047525062157,0.6819819314640624,0.7500057408335777,0.6964661269880734,0.9521949577240929,0.8457076401141794,0.0003207671064216636,0.0007877236720873765,7.068605233902204e-05,0.00016773075884033323,0.7217131332939895,0.7399584772186133,0.7005600247830361,0.748147683561573,0.9710210930560272,0.8668232204384405,0.0006806446812743402,0.003263993899044205,0.000344052587309537,0.002084627315613862,0.6948862314956021,0.6416075172935729,0.7331901052750901,0.6112955765690481,0.9484034367049632,0.8583316166646955,0.0003240030660427143,0.0006607933115087406,8.419705265563272e-05,0.00020608450500280085,1
0.6948862314956021,0.6886649937529669,0.7331901052750901,0.7014223596016189,0.9484034367049632,0.8583316166646955,0.0003240030660427143,0.0006607933115087406,8.419705265563272e-05,0.00020608450500280085,0.7000131073009512,0.6819819314640624,0.6793151510726663,0.6964661269880734,0.9521949577240929,0.8429062896434116,0.0008501803226244252,0.0037303558426041404,0.0008158034120497471,0.0022306114088312895,0.7000468055155613,0.6281593217556829,0.7307923005751663,0.5945303966557919,0.9598062341865186,0.8278433944175387,0.0003931418565467909,0.0006812495374882991,0.0001763515311023917,0.00047302917417153817,1
0.7000468055155613,0.676982566682559,0.7307923005751663,0.6885444308783724,0.9598062341865186,0.8278433944175387,0.0003931418565467909,0.0006812495374882991,0.0001763515311023917,0.00047302917417153817,0.682402356980903,0.6886649937529669,0.6577445775456123,0.7014223596016189,0.9484034367049632,0.855759468616387,0.0008587571035335249,0.0031292625544798204,0.0009717368641773529,0.002740668743293471,0.6794721382488873,0.5927252395064919,0.711850586011039,0.5579073818891552,0.9433507022512035,0.7964007236044797,0.00041209466010780176,0.0006874583147201632,0.0001559111178298146,0.0004942869893471364,1
0.6794721382488873,0.6462010331662814,0.711850586011039,0.6604129955919411,0.9433507022512035,0.7964007236044797,0.00041209466010780176,0.0006874583147201632,0.0001559111178298146,0.0004942869893471364,0.6877740783338875,0.676982566682559,0.6546687483625091,0.6885444308783724,0.9598062341865186,0.8247176985732914,0.0010420066887928963,0.003226135360013603,0.0020353121447992707,0.006290702313112959,0.664840492687824,0.5806285880282542,0.7004717810629882,0.5458499808070804,0.9344895886804068,0.7935296283604347,0.00038938649527108155,0.0007033016494026077,0.00021257123877970146,0.0006983351066158503,1
0.664840492687824,0.6356926903709604,0.7004717810629882,0.6511512785971967,0.9344895886804068,0.7935296283604347,0.00038938649527108155,0.0007033016494026077,0.00021257123877970146,0.0006983351066158503,0.6663575888000706,0.6462010331662814,0.6303709069093655,0.6604129955919411,0.9433507022512035,0.792704150882404,0.0010922403328404123,0.0032555377370691732,0.0017994048004267545,0.006573404933582557,0.6406085174674794,0.6067963490237809,0.6735394297560243,0.5599316881789388,0.9461402784856681,0.8047044263274663,0.000427468437901328,0.0006144269315159549,0.00039462543043066866,0.0009367130669776151,1
0.6406085174674794,0.6584245846659827,0.6735394297560243,0.6619679369793126,0.9461402784856681,0.8047044263274663,0.000427468437901328,0.0006144269315159549,0.00039462543043066866,0.0009367130669776151,0.6511272825229628,0.6356926903709604,0.6157745303449338,0.6511512785971967,0.9344895886804068,0.7897809276910035,0.0010320532546750074,0.003330565666523645,0.0024533318266012176,0.009286992241462132,0.644254480861796,0.5820601899805011,0.6790682190264742,0.5297195088225469,0.9329787486821242,0.8193444221059529,0.0004425443987076371,0.0007121828044503845,0.000371056382481508,0.0010505461413110612,1
0.644254480861796,0.6369363208159416,0.6790682190264742,0.6387608915232772,0.9329787486821242,0.8193444221059529,0.0004425443987076371,0.0007121828044503845,0.000371056382481508,0.0010505461413110612,0.6259038445463587,0.6584245846659827,0.5812265489675612,0.6619679369793126,0.9461402784856681,0.8011586166214557,0.0011329879129469414,0.002909689241355741,0.004554459641951397,0.012457123955365901,0.6650883248578281,0.600520144938292,0.6997469939321798,0.5437917830417996,0.9267069727829802,0.8499550403237341,0.00037175172770531194,0.0005878220941831876,0.0003399260825683423,0.0011189371536444422,1
0.6650883248578281,0.652972455694394,0.6997469939321798,0.6495703039666367,0.9267069727829802,0.8499550403237341,0.00037175172770531194,0.0005878220941831876,0.0003399260825683423,0.0011189371536444422,0.6296989842617668,0.6369363208159416,0.5883187076349528,0.6387608915232772,0.9329787486821242,0.8160644179077226,0.0011729461410993386,0.0033726233953890955,0.0042824440306753545,0.013970962896214165,0.6392533803189309,0.6116328864297098,0.6734480545995919,0.5558928463258864,0.9602776946737914,0.8647490972379597,0.00040079335961447143,0.0007347020783615863,0.0004647064032777796,0.0013368732755724474,1
0.6392533803189309,0.6626260773762035,0.6734480545995919,0.6588655594458066,0.9602776946737914,0.8647490972379597,0.00040079335961447143,0.0007347020783615863,0.0004647064032777796,0.0013368732755724474,0.6513852548637178,0.652972455694394,0.6148447959889416,0.6495703039666367,0.9267069727829802,0.8472308061572691,0.0009853130120556033,0.0027836989811889585,0.003923162332986422,0.01488047867869256,0.6519869846398769,0.5700697969491022,0.6786424383854223,0.5067016220863626,0.9743864531626296,0.884487474346304,0.0005546163661710712,0.000836586912804171,0.0005430720153799478,0.0015611984286933776,1
0.6519869846398769,0.626520284572255,0.6786424383854223,0.6210800371404406,0.9743864531626296,0.884487474346304,0.0005546163661710712,0.000836586912804171,0.0005430720153799478,0.0015611984286933776,0.6244932613188094,0.6626260773762035,0.5811093357630099,0.6588655594458066,0.9602776946737914,0.862293465731613,0.001062286690128479,0.0034792660011435357,0.00536327969734551,0.017778759252453123,0.666827574897102,0.5592344213276004,0.7007627103780952,0.49833893221310765,0.9709626156709859,0.8984786001285818,0.0004914038477872786,0.0009137839246643288,0.00038070279087165854,0.0013990280906102709,1
0.666827574897102,0.6171076102010334,0.7007627103780952,0.6146563587379656,0.9709626156709859,0.8984786001285818,0.0004914038477872786,0.0009137839246643288,0.00038070279087165854,0.0013990280906102709,0.6377478670984631,0.626520284572255,0.5877725294906737,0.6210800371404406,0.9743864531626296,0.8823902151666596,0.0014699883862289392,0.003961753326208325,0.00626771461236513,0.020762006030199467,0.6447805781991034,0.5658397947911356,0.6784847548184451,0.5036455558714045,0.9810852353685009,0.9037667846727437,0.0005533050924168137,0.0009005956906665871,0.00047733825885216876,0.0014753310332508345,1
0.6447805781991034,0.6228456881121659,0.6784847548184451,0.6187325643967312,0.9810852353685009,0.9037667846727437,0.0005533050924168137,0.0009005956906665871,0.00047733825885216876,0.0014753310332508345,0.6531956671430517,0.6171076102010334,0.616147725408591,0.6146563587379656,0.9709626156709859,0.8966353654957508,0.0013024461470231875,0.004327328634439228,0.004393775370003324,0.018605341332542234,0.6313180620520797,0.5578486968169243,0.6659031039041171,0.49753725645981495,0.9844176880631776,0.8536026325383896,0.0006357073635213877,0.0008676557619795409,0.00048479474812969695,0.0011832015697645125,1
0.6313180620520797,0.6159038334199746,0.6659031039041171,0.6140405631865027,0.9844176880631776,0.8536026325383896,0.0006357073635213877,0.0008676557619795409,0.00048479474812969695,0.0011832015697645125,0.6302466071210906,0.6228456881121659,0.5875702579224262,0.6187325643967312,0.9810852353685009,0.9020195629486092,0.001466512907848752,0.004264874238957192,0.005509066744961089,0.019620075991576717,0.6498955573882259,0.5404219564000621,0.6843244099447255,0.4655347071862218,0.965690545555129,0.8495100546538961,0.0006552725626770397,0.0008215186554437218,0.00043438171535305236,0.0012466149826875126,1
0.6498955573882259,0.6007652504464208,0.6843244099447255,0.5894582711598215,0.965690545555129,0.8495100546538961,0.0006552725626770397,0.0008215186554437218,0.00043438171535305236,0.0012466149826875126,0.6162332657423661,0.6159038334199746,0.571430908018268,0.6140405631865027,0.9844176880631776,0.8509446244908023,0.0016849168153260327,0.004108883426713255,0.005595123741967297,0.015735115841073535,0.5952768847262713,0.5400680017079051,0.6450639035998332,0.47076548492123893,0.9351574062069101,0.8122332819141556,0.0006518958468766589,0.0007820864964516175,0.00046115116216932693,0.0010012889240507568,1
0.5952768847262713,0.6004577705420945,0.6450639035998332,0.5934762168775072,0.9351574062069101,0.8122332819141556,0.0006518958468766589,0.0007820864964516175,0.00046115116216932693,0.0010012889240507568,0.635570868109115,0.6007652504464208,0.5950611856269394,0.5894582711598215,0.965690545555129,0.8467777412745869,0.0017367735892824536,0.0038903958643543932,0.005013295746343634,0.016578435714643198,0.5752883988787338,0.552425409106353,0.6267347879309951,0.4873063461381816,0.9321444018361289,0.7854780260197907,0.0006841790376124555,0.0007472824978962115,0.00045632165499561947,0.0010505350648779264,1
0.5752883988787338,0.6111926316098818,0.6267347879309951,0.6061818384619477,0.9321444018361289,0.7854780260197907,0.0006841790376124555,0.0007472824978962115,0.00045632165499561947,0.0010505350648779264,0.5787174465565628,0.6004577705420945,0.5446990309598554,0.5934762168775072,0.9351574062069101,0.808824167007276,0.0017278237397776075,0.003703660350499764,0.005322247870967307,0.013315902896797432,0.5750792336866908,0.5361046273466012,0.6260040592653718,0.4757968406489318,0.9227280556892583,0.7594807171672815,0.0007572508925030353,0.0008605072272531512,0.0004726237350713904,0.0011082318002910093,1
0.5750792336866908,0.597014793244642,0.6260040592653718,0.5973409794853508,0.9227280556892583,0.7594807171672815,0.0007572508925030353,0.0008605072272531512,0.0004726237350713904,0.0011082318002910093,0.5579111223325972,0.6111926316098818,0.5211870122885784,0.6061818384619477,0.9321444018361289,0.781583139498875,0.001813389039228935,0.0035388420214871198,0.005266509457228587,0.013970815593368276,0.5676682236358366,0.5540892723681237,0.6204680694782266,0.502452217098741,0.9045997548147113,0.7636003466985279,0.0007707972135189657,0.0008639123047537958,0.0004163347282149418,0.0012275585402825133,1
0.5676682236358366,0.6126380271022364,0.6204680694782266,0.6178159186024983,0.9045997548147113,0.7636003466985279,0.0007707972135189657,0.0008639123047537958,0.0004163347282149418,0.0012275585402825133,0.5576933990475417,0.597014793244642,0.5202496563167909,0.5973409794853508,0.9227280556892583,0.7551138204091346,0.0020070630535587368,0.00407503072020263,0.005454655380069723,0.014738110734429759,0.5692806736860125,0.5495090314976483,0.6251812344112545,0.508694314346701,0.9020820791149973,0.7645683575422879,0.0008162146874270703,0.0008976967456056437,0.0004770532066971435,0.0013136808814980592,1
0.5692806736860125,0.6086591788037062,0.6251812344112545,0.6226106946716319,0.9020820791149973,0.7645683575422879,0.0008162146874270703,0.0008976967456056437,0.0004770532066971435,0.0013136808814980592,0.5499791640063647,0.6126380271022364,0.5131482610508618,0.6178159186024983,0.9045997548147113,0.7593082464250243,0.0020429670329292346,0.0040911558554488385,0.00480501146398089,0.01632500862628911,0.5972529269314562,0.5054259674594626,0.6500906145297932,0.47330206524465435,0.9344524042502438,0.7256888702880757,0.0009930711258210592,0.0009669564404749057,0.0005116258284524967,0.001319519707724413,1
0.5972529269314562,0.5703642879229754,0.6500906145297932,0.5954246541012498,0.9344524042502438,0.7256888702880757,0.0009930711258210592,0.0009669564404749057,0.0005116258284524967,0.001319519707724413,0.551657588214922,0.6086591788037062,0.5191941622229823,0.6226106946716319,0.9020820791149973,0.7602938325890065,0.0021633442220080307,0.004251145951959262,0.005505776894799894,0.01747032912801967,0.6144966221902255,0.49910433080003425,0.6655873683577073,0.47329893450396854,0.9259603558044516,0.7404519071713893,0.0010097025769513555,0.000970940777350628,0.0005206367414949746,0.0013766659724189808,1
0.6144966221902255,0.564872691743301,0.6655873683577073,0.5954222492683992,0.9259603558044516,0.7404519071713893,0.0010097025769513555,0.000970940777350628,0.0005206367414949746,0.0013766659724189808,0.5807743394655562,0.5703642879229754,0.5511471391706224,0.5954246541012498,0.9344524042502438,0.7207084447315282,0.002632095103385353,0.00457913318475106,0.005904787192563437,0.017547978287212267,0.5685384474683766,0.5038964515412416,0.6331379344978202,0.4763715903573539,0.9003383925615593,0.7021338403863777,0.0010392452910935998,0.0009003089562793371,0.0005174965864551043,0.0012541057827078785,1
0.5685384474683766,0.5690355997642332,0.6331379344978202,0.5977824651011965,0.9003383925615593,0.7021338403863777,0.0010392452910935998,0.0009003089562793371,0.0005174965864551043,0.0012541057827078785,0.5987235686923118,0.564872691743301,0.571025892293751,0.5954222492683992,0.9259603558044516,0.735739521071582,0.0026761760961199394,0.004598001469239538,0.0060087841390965326,0.018307952849308765,0.5585491052855036,0.46960213209468593,0.6243104550181814,0.4437663967844899,0.9061784622589069,0.7106549493540095,0.001113884912752163,0.0010726778440492213,0.0006708884165686659,0.0013586304463863396,1
0.5585491052855036,0.5392441764662251,0.6243104550181814,0.5727372606350645,0.9061784622589069,0.7106549493540095,0.001113884912752163,0.0010726778440492213,0.0006708884165686659,0.0013586304463863396,0.5508849934596485,0.5690355997642332,0.5294007692615934,0.5977824651011965,0.9003383925615593,0.6967257469002393,0.0027544778725110556,0.004263516375362818,0.005972542913124473,0.016678054079826938,0.49909387845317466,0.4234721684728635,0.5757813849817235,0.4040005115482109,0.87279687669791,0.6453423027417045,0.001143326423336166,0.0010057953839412337,0.0005870815409910315,0.0010612621238104206,1
0.49909387845317466,0.4991711470211856,0.5757813849817235,0.5421916751812108,0.87279687669791,0.6453423027417045,0.001143326423336166,0.0010057953839412337,0.0005870815409910315,0.0010612621238104206,0.5404869326046993,0.5392441764662251,0.5180771535402715,0.5727372606350645,0.9061784622589069,0.7054015661376183,0.002952307189644418,0.005079789023195906,0.007742872055103125,0.018068102684611308,0.5016003792659758,0.4453016750962764,0.576697297595547,0.4279293469030768,0.8754011104504271,0.6696499216063176,0.0011233612532951082,0.0010127518697069311,0.0005908201009897537,0.0012461827464327387,1
0.5016003792659758,0.5181344063218473,0.576697297595547,0.5605722614752238,0.8754011104504271,0.6696499216063176,0.0011233612532951082,0.0010127518697069311,0.0005908201009897537,0.0012461827464327387,0.47859906697453414,0.4991711470211856,0.45582557406353863,0.5421916751812108,0.87279687669791,0.6389030953311026,0.003030340730072202,0.004763059458410279,0.006775638311145414,0.014113472194956806,0.46324919883618954,0.424744841177767,0.5407450420582128,0.40746395841118577,0.8572101428341168,0.6491628166840413,0.0012585402920295878,0.0010724546923372939,0.0006586806981057936,0.0012223445459618022,1
0.46324919883618954,0.5002767158700058,0.5407450420582128,0.5448520714351679,0.8572101428341168,0.6491628166840413,0.0012585402920295878,0.0010724546923372939,0.0006586806981057936,0.0012223445459618022,0.48120812245660294,0.5181344063218473,0.4570004782360344,0.5605722614752238,0.8754011104504271,0.663652046220192,0.002977423849360484,0.004796002695029407,0.006818785861506301,0.0165726875076484,0.4891908011220487,0.3972957896074727,0.5599392040415514,0.3917578143969275,0.8706071392206218,0.6556436981522946,0.0012819757556460083,0.0011087192030140927,0.0006724501180215041,0.001290230573030189,1
0.4891908011220487,0.47643176639568063,0.5599392040415514,0.5327876257102082,0.8706071392206218,0.6556436981522946,0.0012819757556460083,0.0011087192030140927,0.0006724501180215041,0.001290230573030189,0.4412877852944843,0.5002767158700058,0.4108820446606787,0.5448520714351679,0.8572101428341168,0.6427929749798094,0.003335710458125983,0.005078732262656808,0.007601980067988205,0.016255668957776484,0.4390802240444991,0.33657109055483647,0.52486140252581,0.33637814459782567,0.8323859997022107,0.57956183932522,0.0017335618280833588,0.0011707691642571932,0.0007357153833151283,0.0010441654551792865,1
0.4390802240444991,0.4236803124139069,0.52486140252581,0.49024853909856714,0.8323859997022107,0.57956183932522,0.0017335618280833588,0.0011707691642571932,0.0007357153833151283,0.0010441654551792865,0.46829080053864525,0.47643176639568063,0.43550371780004515,0.5327876257102082,0.8706071392206218,0.6493915241042285,0.0033978252124738607,0.005250467014418046,0.007760895998040524,0.017158469061501768,0.4618439034542037,0.34297397331786295,0.543978051147932,0.34148160210698875,0.8447070009363014,0.6059714551852124,0.0018099340837070676,0.0012212551641970098,0.0008212631781921836,0.001139325502526653,1
0.4618439034542037,0.4292424869605723,0.543978051147932,0.4941686856395029,0.8447070009363014,0.6059714551852124,0.0018099340837070676,0.0012212551641970098,0.0008212631781921836,0.001139325502526653,0.41612992543894567,0.4236803124139069,0.3905070066064089,0.49024853909856714,0.8323859997022107,0.571928313982768,0.004594735946371838,0.005544311726286608,0.008491054460465771,0.01388610767120885,0.4336081648565693,0.32336115233635776,0.5239341409538955,0.3225308337043603,0.8126002349594037,0.58034238163913,0.0018408684314441734,0.0012083449558208336,0.0007241308868766687,0.0009045760478088858,1
0.4336081648565693,0.41220485911556903,0.5239341409538955,0.479611928956753,0.8126002349594037,0.58034238163913,0.0018408684314441734,0.0012083449558208336,0.0007241308868766687,0.0009045760478088858,0.4398249915855932,0.4292424869605723,0.415029248020365,0.4941686856395029,0.8447070009363014,0.598817425975148,0.00479715754018815,0.005783393972407448,0.009478380540288541,0.015151618474030779,0.4132785024308423,0.2866208460038633,0.5117229278024281,0.28752399987119237,0.7869650135924329,0.561751895710668,0.0019363798395972862,0.0011982728512069563,0.0007127827078830486,0.0008271104690686128,1
0.4132785024308423,0.38028861071893394,0.5117229278024281,0.4527219395106149,0.7869650135924329,0.561751895710668,0.0019363798395972862,0.0011982728512069563,0.0007127827078830486,0.0008271104690686128,0.4104339743546457,0.41220485911556903,0.38931754434396737,0.479611928956753,0.8126002349594037,0.5727230279159343,0.004879147785486981,0.005722256199160533,0.008357355216999091,0.012029741392386883,0.3883409810075127,0.25957779120501323,0.4931869482460549,0.2585583522539584,0.7800506013884405,0.5356754236481849,0.002150239336657706,0.001250251830699173,0.0007415327896795708,0.000843659541227966,1
0.3883409810075127,0.35679635002429333,0.4931869482460549,0.43047239925113534,0.7800506013884405,0.5356754236481849,0.002150239336657706,0.001250251830699173,0.0007415327896795708,0.000843659541227966,0.3892725141510176,0.38028861071893394,0.3736533804637443,0.4527219395106149,0.7869650135924329,0.5537950109098091,0.005132296933801406,0.00567455859196011,0.008226383365591347,0.010999545112798954,0.408230821309699,0.27089322745705013,0.5105295356131642,0.2705985577034694,0.7972861716739987,0.5607755756913928,0.0019888373592035864,0.0012352476722623756,0.0007184836441092931,0.000997378210336982,1
0.408230821309699,0.3666260523372785,0.5105295356131642,0.4397209076712236,0.7972861716739987,0.5607755756913928,0.0019888373592035864,0.0012352476722623756,0.0007184836441092931,0.000997378210336982,0.36331466221398356,0.35679635002429333,0.3498760032408592,0.43047239925113534,0.7800506013884405,0.5272450913134219,0.005699122934869343,0.0059207110140748085,0.008558194437934456,0.011219627281504604,0.37573470827064837,0.262108634148714,0.4854475211682444,0.2645094391547188,0.7564449265612949,0.5371717376871565,0.0021174128170904204,0.0012327942707089984,0.0006701879185282152,0.0008780942638481641,1
0.37573470827064837,0.3589948894516196,0.4854475211682444,0.4350436399613672,0.7564449265612949,0.5371717376871565,0.0021174128170904204,0.0012327942707089984,0.0006701879185282152,0.0008780942638481641,0.38401830476333476,0.3666260523372785,0.3721225341347074,0.4397209076712236,0.7972861716739987,0.5528009647079308,0.005271333481034945,0.005849657100029355,0.008292179135355685,0.013263895246638745,0.33365288177483365,0.2264043141990022,0.4506573145548355,0.22597643635711895,0.7215301764770619,0.5410747500727378,0.002348960244415911,0.0014198147125426227,0.0007871760511734359,0.0008911358061096458,1
0.33365288177483365,0.32797860085469843,0.4506573145548355,0.4054450751927434,0.7215301764770619,0.5410747500727378,0.002348960244415911,0.0014198147125426227,0.0007871760511734359,0.0008911358061096458,0.35019259785055135,0.3589948894516196,0.33994810725033764,0.4350436399613672,0.7564449265612949,0.528768572608378,0.00561211756418877,0.005838038735438834,0.007734787451809777,0.011677566455378326,0.31179572365377495,0.2015082665600143,0.43680506123339613,0.20604884104643995,0.715546406071726,0.49381498396759094,0.0024435465939587793,0.0014656629744900281,0.0007479677383944156,0.0008283234524033424,1
0.31179572365377495,0.3063514420240264,0.43680506123339613,0.3901379831505215,0.715546406071726,0.49381498396759094,0.0024435465939587793,0.0014656629744900281,0.0007479677383944156,0.0008283234524033424,0.3063889734696452,0.32797860085469843,0.29532031383951085,0.4054450751927434,0.7215301764770619,0.5327424485518946,0.006225824713473781,0.006723695498846451,0.009084973444989262,0.011851002819455763,0.2951834714369106,0.19009597312324633,0.42780322360293843,0.19650144080964804,0.685556347135662,0.4906550109506469,0.0025821559980247002,0.0014793970802757244,0.0007505724357601775,0.0007123593585815248,2
0.2951834714369106,0.29643760002154373,0.42780322360293843,0.3828042867405894,0.685556347135662,0.4906550109506469,0.0025821559980247002,0.0014793970802757244,0.0007505724357601775,0.0007123593585815248,0.2836375193600158,0.3063514420240264,0.27755107474377727,0.3901379831505215,0.715546406071726,0.4846246285021132,0.006476522031123655,0.0069408152045111774,0.008632461608673562,0.011015676289238364,0.27845369930604735,0.18903516332135673,0.4174427027110459,0.19335341914528759,0.6656256481412031,0.4698283241553396,0.0024731427718213735,0.0012864041623305684,0.0005929164654108196,0.000506695307764796,2
0.27845369930604735,0.2955160761552945,0.4174427027110459,0.38038617975798483,0.6656256481412031,0.4698283241553396,0.0024731427718213735,0.0012864041623305684,0.0005929164654108196,0.000506695307764796,0.26634556896663697,0.29643760002154373,0.2660037978174299,0.3828042867405894,0.685556347135662,0.4814072826385476,0.00684390068531968,0.007005854638485346,0.008662522998835147,0.009473497427816991,0.25899966701079036,0.16524300657279256,0.39997273503035025,0.17102742630571688,0.6670393391007696,0.4752682954383216,0.0026879999346061745,0.001439568068702205,0.0006562451092776228,0.0005957971038897743,2
0.25899966701079036,0.27484786566715147,0.39997273503035025,0.3632367935926526,0.6670393391007696,0.4752682954383216,0.0026879999346061745,0.001439568068702205,0.0006562451092776228,0.0005957971038897743,0.2489312902762535,0.2955160761552945,0.25271364432309196,0.38038617975798483,0.6656256481412031,0.4602024640361839,0.006554965510956633,0.006091914529093687,0.006842980468377297,0.006738420204593109,0.26667113575376966,0.1798302318228433,0.40998368343246483,0.1904443585642367,0.669653772320338,0.4543010468174278,0.0027263026575687415,0.0013669159734734206,0.0006117840571654196,0.0005481679268483769,2
0.26667113575376966,0.2875197661212453,0.40998368343246483,0.3781516272504536,0.669653772320338,0.4543010468174278,0.0027263026575687415,0.0013669159734734206,0.0006117840571654196,0.0005481679268483769,0.22868128702508295,0.27484786566715147,0.23030371393057147,0.3632367935926526,0.6670393391007696,0.46574120408597874,0.007124435784926763,0.006817239783691511,0.007573870396976417,0.007923363767466583,0.27973211759382055,0.18184539110099962,0.42047183920106557,0.18736721035073078,0.6888063527410302,0.4518241552338216,0.002792275355425349,0.0013708996409401396,0.0006527094701200027,0.000611708161466026,2
0.27973211759382055,0.28927033193031526,0.42047183920106557,0.3757879606766722,0.6888063527410302,0.4518241552338216,0.002792275355425349,0.0013708996409401396,0.0006527094701200027,0.000611708161466026,0.23666663754927497,0.2875197661212453,0.24314544672338045,0.3781516272504536,0.669653772320338,0.4443932716007746,0.007225955612595446,0.006473187449710025,0.007060735530673613,0.007289954687126582,0.2665706637500669,0.1602601471529952,0.41002003573586154,0.16685056197264425,0.703601327598304,0.4161792401776587,0.0028024699520517076,0.001387409443201312,0.0006423625500854988,0.0005212904352830422,2
0.2665706637500669,0.27051926324537157,0.41002003573586154,0.3600283961017644,0.703601327598304,0.4161792401776587,0.0028024699520517076,0.001387409443201312,0.0006423625500854988,0.0005212904352830422,0.2502620156544608,0.28927033193031526,0.2565993262620343,0.3757879606766722,0.6888063527410302,0.44187140927844304,0.007400813596550954,0.006492052564135354,0.007533064801061551,0.008134961132204816,0.24484589710568594,0.1520775720958074,0.39140654116996954,0.15970725754102644,0.6895086749528931,0.4128468395946583,0.0030063094922094394,0.0015902454258029607,0.0007113241033783276,0.000556412605551381,2
0.24484589710568594,0.26341107270156183,0.39140654116996954,0.3545413708628593,0.6895086749528931,0.4128468395946583,0.0030063094922094394,0.0015902454258029607,0.0007113241033783276,0.000556412605551381,0.23656205468589997,0.27051926324537157,0.24319207832588918,0.3600283961017644,0.703601327598304,0.40557932089725623,0.007427833965146449,0.00657023662728786,0.0074136487014345755,0.006932517328940698,0.22158420602501572,0.13528482897854666,0.37872248289691446,0.14530015602233604,0.6649767664804929,0.3611056348694537,0.00331930378636122,0.0015702808601712956,0.0006604490227591779,0.00045149576942259264,2
0.22158420602501572,0.24882324222075403,0.37872248289691446,0.3434747657070405,0.6649767664804929,0.3611056348694537,0.00331930378636122,0.0015702808601712956,0.0006604490227591779,0.00045149576942259264,0.2139484089129926,0.26341107270156183,0.21931526726320327,0.3545413708628593,0.6895086749528931,0.40218641685219936,0.007968102473186994,0.007530789698878783,0.008209549287404671,0.007399598705338981,0.2328100768056076,0.12418146823293896,0.38736127282911736,0.1370287110436469,0.67782781693871,0.3625960063443525,0.003198562732596664,0.001573705815226745,0.0006353590520495894,0.0004069328123478935,2
0.2328100768056076,0.23917776957860448,0.38736127282911736,0.3371211757411142,0.67782781693871,0.3625960063443525,0.003198562732596664,0.001573705815226745,0.0006353590520495894,0.0004069328123478935,0.18973495471171908,0.24882324222075403,0.20304455238901742,0.3434747657070405,0.6649767664804929,0.349505792648789,0.008797681269311313,0.007436245207341814,0.007622388695123354,0.0060043346925520635,0.21439226967881164,0.09546721709817718,0.3703847741932049,0.11101132568495553,0.6427465936191359,0.34737695876179897,0.003392090432455745,0.0016448860113304708,0.0006132887619418242,0.0003281888142949838,2
0.21439226967881164,0.21423374316122346,0.3703847741932049,0.31713630018666017,0.6427465936191359,0.34737695876179897,0.003392090432455745,0.0016448860113304708,0.0006132887619418242,0.0003281888142949838,0.20142013731829023,0.23917776957860448,0.21412612303612288,0.3371211757411142,0.67782781693871,0.3510232234857713,0.008477661959386738,0.007452464475029805,0.0073328197768459495,0.005411702541184366,0.19866834884585494,0.0922763147548038,0.3567449448585994,0.10763296186746485,0.6165625862993174,0.3569848151812085,0.0034733048194756037,0.00159737744650681,0.0005522242398528847,0.00034001663309727654,2
0.19866834884585494,0.21146181113434126,0.3567449448585994,0.3145412592346426,0.6165625862993174,0.3569848151812085,0.0034733048194756037,0.00159737744650681,0.0005522242398528847,0.00034001663309727654,0.18224875687969688,0.21423374316122346,0.19234919936385364,0.31713630018666017,0.6427465936191359,0.3355278570618858,0.008990599349190885,0.007789546461800147,0.007078101662323333,0.0043645048676735,0.20865081089810866,0.06431708957810311,0.36259186307208124,0.07959929101495156,0.632021642412179,0.33846140305239203,0.0036893494500604366,0.001501084177506698,0.0005587779476056925,0.0003317335667287335,2
0.20865081089810866,0.18717367462177747,0.36259186307208124,0.29300760335039167,0.632021642412179,0.33846140305239203,0.0036893494500604366,0.001501084177506698,0.0005587779476056925,0.0003317335667287335,0.16588148437001982,0.21146181113434126,0.17485245114192438,0.3145412592346426,0.6165625862993174,0.34531015486726835,0.00920585481764756,0.007564564201340642,0.006373342465467703,0.004521800212572632,0.23097217555741034,0.07030564177331144,0.3807201791354773,0.08435804140270176,0.6486938742406216,0.3657499624923979,0.0032769524920641044,0.0014017860865542246,0.0005439516132090513,0.00034471258337896753,2
0.23097217555741034,0.1923759208324859,0.3807201791354773,0.29666296813754267,0.6486938742406216,0.3657499624923979,0.0032769524920641044,0.0014017860865542246,0.0005439516132090513,0.00034471258337896753,0.17627238359054354,0.18717367462177747,0.18235269570847146,0.29300760335039167,0.632021642412179,0.32645042946068736,0.009778472427292472,0.007108556376076027,0.006448980260611147,0.004411645685940061,0.2182520348496375,0.06350194245694829,0.37152091136061116,0.07251644477598107,0.634097113198621,0.3499525131443262,0.003602257639385759,0.0013759772679819578,0.000541585779884644,0.0004269960115941153,2
0.2182520348496375,0.1864655575537505,0.37152091136061116,0.28756701819144237,0.634097113198621,0.3499525131443262,0.003602257639385759,0.0013759772679819578,0.000541585779884644,0.0004269960115941153,0.19950703746904197,0.1923759208324859,0.20560713490032123,0.29666296813754267,0.6486938742406216,0.35423444323744935,0.008685430866049101,0.006638318871644513,0.006277866246053379,0.004584250536806935,0.2236339373578189,0.070961574689554,0.3754269666318374,0.07997591220156852,0.638432650912139,0.3536992125645657,0.0035362206773700286,0.0012624150783315715,0.000536385239808911,0.00045203165576737804,2
0.2236339373578189,0.192945728762144,0.3754269666318374,0.29329689942845416,0.638432650912139,0.3536992125645657,0.0035362206773700286,0.0012624150783315715,0.000536385239808911,0.00045203165576737804,0.18626644617267862,0.1864655575537505,0.19380660073421008,0.28756701819144237,0.634097113198621,0.33815017351667187,0.00954763908367647,0.006516098249663402,0.006250561638786085,0.00567851824896328,0.21937090193083564,0.08469588878639778,0.37248955438416265,0.09169264994527182,0.6375020186839433,0.3574232698575406,0.0035497753986192945,0.0013278352237469856,0.0005879189849591818,0.0004980721513956467,2
0.21937090193083564,0.20487670659083423,0.37248955438416265,0.3022969408424492,0.6375020186839433,0.3574232698575406,0.0035497753986192945,0.0013278352237469856,0.0005879189849591818,0.0004980721513956467,0.1918685517739287,0.192945728762144,0.198817166771733,0.29329689942845416,0.638432650912139,0.3419648984580226,0.009372610770150246,0.005978311469003786,0.00619054105200984,0.006011461317404773,0.19800900056110793,0.10570282248449869,0.3580425645869224,0.11562703168397837,0.6056664191679504,0.3745654933233098,0.003485701776972875,0.0013293123116541426,0.0005101013944055099,0.0005037332518576367,2
0.19800900056110793,0.22312539803865838,0.3580425645869224,0.32068178751041243,0.6056664191679504,0.3745654933233098,0.003485701776972875,0.0013293123116541426,0.0005101013944055099,0.0005037332518576367,0.18743109223103915,0.20487670659083423,0.195049145833877,0.3022969408424492,0.6375020186839433,0.34575657017894823,0.009408537014001558,0.006288116074758143,0.006785303437772389,0.0066237429020509385,0.20008423952480814,0.10040197919555105,0.35631813690841463,0.10757189873081774,0.600566997691985,0.37385676016802716,0.003664520495853649,0.0014735489110043421,0.0005687937846019369,0.0005676738404892172,2
0.20008423952480814,0.2185205635119506,0.35631813690841463,0.3144943544757658,0.600566997691985,0.37385676016802716,0.003664520495853649,0.0014735489110043421,0.0005687937846019369,0.0005676738404892172,0.16519515853755817,0.22312539803865838,0.17651699731162407,0.32068178751041243,0.6056664191679504,0.3632100298965404,0.009238712455209488,0.00629511099404234,0.005887193361024905,0.006699028528637028,0.19253203768927407,0.10596627472975939,0.3503458740495631,0.11639111622952092,0.5910610161605203,0.39749858263173854,0.00349475432942183,0.0014758996442613245,0.0006290836635744042,0.0005152733458586019,2
0.19253203768927407,0.22335425860460723,0.3503458740495631,0.3212687079232528,0.5910610161605203,0.39749858263173854,0.00349475432942183,0.0014758996442613245,0.0006290836635744042,0.0005152733458586019,0.16735530688747802,0.2185205635119506,0.17430495519748812,0.3144943544757658,0.600566997691985,0.36248842889764177,0.00971266428214493,0.006978159961807382,0.00656457525744137,0.007549359186383358,0.17491575494983458,0.09819136584438737,0.3406087204408922,0.10754810939128412,0.5659615442622004,0.3983660103680444,0.003649655266484318,0.0015674986979458644,0.0006355116119867709,0.0005015281863957595,2
0.17491575494983458,0.2166002070460532,0.3406087204408922,0.31447608104115476,0.5659615442622004,0.3983660103680444,0.003649655266484318,0.0015674986979458644,0.0006355116119867709,0.0005015281863957595,0.15949410313280188,0.22335425860460723,0.1666439224240508,0.3212687079232528,0.5910610161605203,0.3865594951070417,0.009262705881616215,0.006989292128898857,0.007260394126231881,0.006852497489938529,0.1866028119578389,0.05904065363427957,0.34836280086691884,0.0745906767835075,0.5641675365990981,0.3833805997611339,0.0036091694188779997,0.0015020002549011716,0.0005981400855483648,0.00043059269140095926,2
0.1866028119578389,0.18259004271876667,0.34836280086691884,0.2891603092916042,0.5641675365990981,0.3833805997611339,0.0036091694188779997,0.0015020002549011716,0.0005981400855483648,0.00043059269140095926,0.1411570418319339,0.2166002070460532,0.15415340506420938,0.31447608104115476,0.5659615442622004,0.3874426719646862,0.009673264589196083,0.0074230699588626005,0.007334580504927041,0.0066697038882998,0.17265534360370371,0.022781376777876616,0.3379395386539119,0.04157390392089255,0.5546623069869996,0.3473470886287364,0.0038572081620744207,0.0015762911838517629,0.0006109676144799245,0.0003861195747714451,2
0.17265534360370371,0.151091663898561,0.3379395386539119,0.26379895618974003,0.5546623069869996,0.3473470886287364,0.0038572081620744207,0.0015762911838517629,0.0006109676144799245,0.0003861195747714451,0.15332228031909345,0.18259004271876667,0.16410009791340563,0.2891603092916042,0.5641675365990981,0.3721851844572126,0.009565958477407875,0.00711289456569993,0.0069032674272673285,0.005726349636995671,0.14865454115814836,0.017436114748687448,0.3229018465983242,0.040522961518945744,0.5404970918919234,0.3420281388185815,0.0038838345029171186,0.0014178445043044993,0.0005650818166790145,0.0002566088158611755,2
0.14865454115814836,0.1464482428795636,0.3229018465983242,0.2629916900933108,0.5404970918919234,0.3420281388185815,0.0038838345029171186,0.0014178445043044993,0.0005650818166790145,0.0002566088158611755,0.1388041446837529,0.151091663898561,0.15072946180658642,0.26379895618974003,0.5546623069869996,0.3354974446031278,0.010223375196555135,0.007464707784831662,0.007051312784508991,0.005134912252308753,0.14015346137270202,0.019816017578529577,0.31589584128677484,0.038713704960648854,0.535625138367666,0.30988799967800285,0.003954833254685441,0.0013189470851390495,0.0004794830561334519,0.00027083804615226254,2
0.14015346137270202,0.14851566085887213,0.31589584128677484,0.26160193602443915,0.535625138367666,0.30988799967800285,0.003954833254685441,0.0013189470851390495,0.0004794830561334519,0.00027083804615226254,0.11382133802563432,0.1464482428795636,0.13143957882630708,0.2629916900933108,0.5404970918919234,0.33008192330644137,0.010293947242736814,0.006714365351648062,0.006521734612126854,0.003412579518652874,0.1346317020443224,0.017599595207030916,0.3113847521746157,0.041240428110100646,0.5349181922586117,0.3006024233323128,0.004011502428974352,0.0012780018185483788,0.00046454954416963055,0.0002415945401829384,2
0.1346317020443224,0.1465902581058186,0.3113847521746157,0.26354280160359633,0.5349181922586117,0.3006024233323128,0.004011502428974352,0.0012780018185483788,0.00046454954416963055,0.0002415945401829384,0.10497243252979405,0.14851566085887213,0.12245249343318731,0.26160193602443915,0.535625138367666,0.2973582439699731,0.01048212658056759,0.006246025274442175,0.00553382032621689,0.0036018106629321428,0.03930720138860866,0.0,0.223443674557128,0.0,0.5573998337850457,0.3615327454192645,0.07696529438217604,0.05737010970269065,0.043713794735095894,0.023560565319988847,2
0.03930720138860866,0.1313015164381689,0.223443674557128,0.23186456752165197,0.5573998337850457,0.3615327454192645,0.07696529438217604,0.05737010970269065,0.043713794735095894,0.023560565319988847,0.09922474780023127,0.1465902581058186,0.11666580882989241,0.26354280160359633,0.5349181922586117,0.2879040775937294,0.010632325949253707,0.006052124265921323,0.005361469351578493,0.0032129082427654583,0.1724320498241454,0.16301457912482875,0.32258821655277803,0.1558051032296387,0.4284622258126509,0.2733964561365485,0.0761125552621191,0.05709084174717569,0.04395461603910948,0.02360942216370055,2
0.1724320498241454,0.27291203412237774,0.32258821655277803,0.3515439878732841,0.4284622258126509,0.2733964561365485,0.0761125552621191,0.05709084174717569,0.04395461603910948,0.02360942216370055,0.0,0.1313015164381689,0.0038577336192644474,0.23186456752165197,0.5573998337850457,0.3499406578686348,0.20399341920896868,0.271682737873255,0.5045106031313412,0.3133263461313602,0.3420701148784946,0.34827212942166286,0.4524228702491888,0.33814235599586995,0.47692305494539466,0.28408590029404523,0.0754924284594563,0.0569945510197585,0.044445987929686695,0.02369050787136869,2
0.3420701148784946,0.4338449871336171,0.4524228702491888,0.4916036923837871,0.47692305494539466,0.28408590029404523,0.0754924284594563,0.0569945510197585,0.044445987929686695,0.02369050787136869,0.1385717147333243,0.27291203412237774,0.1310372639727163,0.3515439878732841,0.4284622258126509,0.2602041556158361,0.20173326844634198,0.27036023242315627,0.5072899752282053,0.3139760816583219,0.5275883367804608,0.5219586301089132,0.5980844826976897,0.5086485993653412,0.5151754965733002,0.38728876631139153,0.07479991007415265,0.05685172987242233,0.0449189382533045,0.023742775620567255,1
0.5275883367804608,0.5847261868957924,0.5980844826976897,0.6225755793746544,0.5151754965733002,0.38728876631139153,0.07479991007415265,0.05685172987242233,0.0449189382533045,0.023742775620567255,0.3151506016569572,0.4338449871336171,0.297585113691333,0.4916036923837871,0.47692305494539466,0.27108767859515526,0.20008964728132497,0.26990423663384916,0.5129610072303268,0.3150544211702172,0.700105363633245,0.7175495068633122,0.7329923819382355,0.69937111835047,0.5771277131748205,0.4390644342612844,0.07396715585003807,0.05663898711487073,0.04544438689523286,0.02380774940341815,1
0.700105363633245,0.7546356849308679,0.7329923819382355,0.7690763039786563,0.5771277131748205,0.4390644342612844,0.07396715585003807,0.05663898711487073,0.04544438689523286,0.02380774940341815,0.5082593895755496,0.5847261868957924,0.4844352931247067,0.6225755793746544,0.5151754965733002,0.3761643081450332,0.19825415513623312,0.2692278907015236,0.5184194318412657,0.31574951751678076,0.943732632295726,0.9399310108387289,0.9402187871726476,0.9397955920620581,0.5938246659667252,0.4681316448760091,0.00036203277029895004,0.0003714623639353244,0.0026229859336725915,0.0005224204759260572,1
0.943732632295726,0.9478181602065116,0.9402187871726476,0.9537548610714861,0.5938246659667252,0.4681316448760091,0.00036203277029895004,0.0003714623639353244,0.0026229859336725915,0.0005224204759260572,0.6878350323847227,0.7546356849308679,0.6574909442077104,0.7690763039786563,0.5771277131748205,0.4288800212915458,0.19604697353702671,0.2682204229603278,0.5244837511908048,0.31661358837834586,0.9961144494977776,1.0000000000000002,0.9874955352312526,0.9999999999999999,0.782805544633514,0.6818792486445924,0.00017043780366101638,0.00034563444620015185,0.00279289797547923,0.0004893025335293245,1
0.9961144494977776,0.9999999999999999,0.9874955352312526,1.0,0.782805544633514,0.6818792486445924,0.00017043780366101638,0.00034563444620015185,0.00279289797547923,0.0004893025335293245,0.9414304262657072,0.9478181602065116,0.9233145222288079,0.9537548610714861,0.5938246659667252,0.4584749796456902,0.0009595533060948184,0.0017591026507325514,0.030272462581239692,0.006947545470279708,1.0,0.9810742850059084,0.9949837431551166,0.9787749632172974,0.8127509339488879,0.7396948843505764,8.85978361983625e-05,0.0003479006947397484,0.002631737157428432,0.0004442494647729723,1
1.0,0.9835592600843092,0.9949837431551166,0.9836962971915499,0.8127509339488879,0.7396948843505764,8.85978361983625e-05,0.0003479006947397484,0.002631737157428432,0.0004442494647729723,0.9959554703565607,0.9999999999999999,0.9839596620792259,1.0,0.782805544633514,0.6761034103773569,0.00045173854800884623,0.0016367915824738169,0.03223345515144825,0.006507117842944576,0.9789044005060634,0.9553992683108887,0.9786195169638384,0.9519969239586853,0.8266676860263558,0.6063558772261235,7.615432222107555e-05,0.00036131978689461937,0.0025431569279866597,0.00037251310003385234,1
0.9789044005060634,0.9612554120159208,0.9786195169638384,0.9631271364247136,0.8266676860263558,0.6063558772261235,7.615432222107555e-05,0.00036131978689461937,0.0025431569279866597,0.00037251310003385234,1.0,0.9835592600843092,0.9935653019639492,0.9836962971915499,0.8127509339488879,0.7349687536542318,0.00023482500373318404,0.001647523662491262,0.03037346239610252,0.005907967813065774,0.9633351675557251,0.945222009538133,0.9716557144744226,0.9422990219703978,0.8774842324434369,0.6662134742363808,6.617996647566982e-05,0.000468545344950904,0.0024206414426132844,0.0004228881428256453,1
0.9633351675557251,0.9524144427532114,0.9716557144744226,0.955677834286808,0.8774842324434369,0.6662134742363808,6.617996647566982e-05,0.000468545344950904,0.0024206414426132844,0.0004228881428256453,0.9780412640498306,0.9612554120159208,0.9725737823128147,0.9631271364247136,0.8266676860263558,0.5992088276284395,0.00020184397009227056,0.0017110713132679842,0.029351138316209686,0.004953962985796814,0.9778680487116667,0.9487935648643007,0.9866246625979805,0.9472514651608964,0.8620851160306584,0.5836178021143197,4.005691748022462e-05,0.0004493017759932273,0.0022092146679970124,0.0004124659548789312,1
0.9778680487116667,0.9555170474490108,0.9866246625979805,0.9594819813787661,0.8620851160306584,0.5836178021143197,4.005691748022462e-05,0.0004493017759932273,0.0022092146679970124,0.0004124659548789312,0.9618350085508383,0.9524144427532114,0.9636408333854096,0.955677834286808,0.8774842324434369,0.6601532063023372,0.00017540734109935735,0.002218850247868013,0.027937159918927566,0.005623888680693971,0.9738008195594092,0.9354291213415429,0.9841033646331084,0.9342778099386607,0.8662174293579392,0.535590229357024,2.790981148853588e-05,0.00046392418310903856,0.0021726630223383833,0.00041850891974389086,1
0.9738008195594092,0.9439073756271431,0.9841033646331084,0.949516457113809,0.8662174293579392,0.535590229357024,2.790981148853588e-05,0.00046392418310903856,0.0021726630223383833,0.00041850891974389086,0.9769625094303573,0.9555170474490108,0.9828425337908926,0.9594819813787661,0.8620851160306584,0.5760579173155542,0.00010616924972945839,0.002127720118817046,0.02549703660714079,0.005485286485725935,0.9756903524759497,0.958125089856473,0.9880047419591073,0.95550902737509,0.8654308137357734,0.5019240148291462,1.7270767990810163e-05,0.00044034233827381947,0.0020848482791019337,0.0004298262715880763,1
0.9756903524759497,0.96362332905903,0.9880047419591073,0.9658249075013825,0.8654308137357734,0.5019240148291462,1.7270767990810163e-05,0.00044034233827381947,0.0020848482791019337,0.0004298262715880763,0.9727288676687702,0.9439073756271431,0.9796082912940376,0.949516457113809,0.8662174293579392,0.5271583502245596,7.397383354051977e-05,0.0021969662056749665,0.025075185955454566,0.0055656504360481135,0.9902615930845693,0.9285919693437543,0.9994068430344659,0.9286401530237484,0.8232493706806543,0.5675084684758098,8.832885144538624e-05,0.0004307715818975627,0.0017270133118562157,0.0003771381975215483,1
0.9902615930845693,0.9379679520547827,0.9994068430344659,0.9451859730813084,0.8232493706806543,0.5675084684758098,8.832885144538624e-05,0.0004307715818975627,0.0017270133118562157,0.0003771381975215483,0.9746957117205541,0.96362332905903,0.9846128566091299,0.9658249075013825,0.8654308137357734,0.4928808878942208,4.577547637661043e-05,0.002085291673376937,0.024061696521683773,0.005716157202463144,0.9119244363954642,0.9287553833918978,0.9318907041780243,0.929253874677921,0.6424246146379244,0.5003492270809309,0.0001433985783957968,0.00037758053414582184,0.0017531469175624623,0.0004779001315918723,1
0.9119244363954642,0.9381099095905975,0.9318907041780243,0.9456573944295574,0.6424246146379244,0.5003492270809309,0.0001433985783957968,0.00037758053414582184,0.0017531469175624623,0.0004779001315918723,0.9898631415479464,0.9379679520547827,0.9992391167200527,0.9451859730813084,0.8232493706806543,0.5596561006959981,0.00023411207045702137,0.002039968258286842,0.019931843777472574,0.005015471055600708,0.9028595046302708,0.9330654259929718,0.9230462328839507,0.9293740317713547,0.6533474740936245,0.555130394875675,0.0001399229406962659,0.00033387819155358963,0.0016702366062542099,0.0004328069345757981,1
0.9028595046302708,0.9418540370622374,0.9230462328839507,0.9457496913504875,0.6533474740936245,0.555130394875675,0.0001399229406962659,0.00033387819155358963,0.0016702366062542099,0.0004328069345757981,0.9083207829476367,0.9381099095905975,0.9126315167634418,0.9456573944295574,0.6424246146379244,0.49127750811200555,0.0003800721682607936,0.0017880759478410384,0.020233457518781323,0.006355480015597878,0.9052457862716541,0.9136454966522927,0.9222439186570709,0.9094389366012655,0.6229990919299595,0.5125685856976525,0.00013903236932123444,0.0002954945741253201,0.0014251772492798256,0.0003846638746149256,1
0.9052457862716541,0.9249839738931115,0.9222439186570709,0.9304368384005142,0.6229990919299595,0.5125685856976525,0.00013903236932123444,0.0002954945741253201,0.0014251772492798256,0.0003846638746149256,0.8988849552009357,0.9418540370622374,0.9012861044718179,0.9457496913504875,0.6533474740936245,0.547053289316672,0.0003708601302383276,0.0015811184895328173,0.019276571221963197,0.005755796329551469,0.907200737519247,0.9029900461957101,0.9174096879780597,0.897192522466178,0.553425051422578,0.4022624616899533,0.0001486986491439401,0.0002001782126571128,0.0011165432188878599,0.0003288766925571562,1
0.907200737519247,0.9157276002398099,0.9174096879780597,0.9210299337825496,0.553425051422578,0.4022624616899533,0.0001486986491439401,0.0002001782126571128,0.0011165432188878599,0.0003288766925571562,0.9013688726871836,0.9249839738931115,0.9002569207717717,0.9304368384005142,0.6229990919299595,0.5037187228597682,0.00036849970660452456,0.001399348464576725,0.016448286815648226,0.005115553242670808,0.8633539654514772,0.9389087548406787,0.8843648295178369,0.9319162703139797,0.5912217147317629,0.3524072120559909,5.5197298658597846e-05,0.00015815700611677746,0.0011398096254826165,0.00030960592255097633,1
0.8633539654514772,0.9469301279711936,0.8843648295178369,0.9477024748528899,0.5912217147317629,0.3524072120559909,5.5197298658597846e-05,0.00015815700611677746,0.0011398096254826165,0.00030960592255097633,0.9034038116920546,0.9157276002398099,0.8940557202316162,0.9210299337825496,0.553425051422578,0.39140986772107667,0.0003941197927471567,0.0009479668970322442,0.012886272999105886,0.004373652796831498,0.9380296863240429,0.9246027050448264,0.9428063664732923,0.9118164920865036,0.6602842903928867,0.2530857532771189,0.0,9.574964042450521e-05,0.0006219526379860669,7.57503029926231e-05,1
0.9380296863240429,0.9345024842077764,0.9428063664732923,0.9322631230114087,0.6602842903928867,0.2530857532771189,0.0,9.574964042450521e-05,0.0006219526379860669,7.57503029926231e-05,0.8577630281542294,0.9469301279711936,0.8516668050682195,0.9477024748528899,0.5912217147317629,0.3406494402342659,0.0001462982214886923,0.0007489706514127166,0.01315479575936846,0.0041173754167615284,0.9018986400587652,0.8566226772078205,0.9104751089438653,0.8420257084634405,0.6069686296487808,0.1657226557942284,6.563064011739231e-05,0.00014308536540663186,0.00038073859499508764,5.229942971759263e-05,1
0.9018986400587652,0.8754483371132783,0.9104751089438653,0.8786543492501044,0.6069686296487808,0.1657226557942284,6.563064011739231e-05,0.00014308536540663186,0.00038073859499508764,5.229942971759263e-05,0.9354941415554165,0.9345024842077764,0.9266337883586846,0.9322631230114087,0.6602842903928867,0.23952468921517234,0.0,0.00045343340976196963,0.007178093377868148,0.0010073852359937024,0.8662761873244587,0.8548910135229584,0.8808027129282444,0.8394052413300571,0.5595130188469086,0.0665379553999279,8.826167536180762e-05,0.00010934466584708704,0.00013537364731319897,2.075348812113952e-05,1
0.8662761873244587,0.8739440434961995,0.8808027129282444,0.8766414755953076,0.5595130188469086,0.0665379553999279,8.826167536180762e-05,0.00010934466584708704,0.00013537364731319897,2.075348812113952e-05,0.8978847763998721,0.8754483371132783,0.8851602582423275,0.8786543492501044,0.6069686296487808,0.1505754169246467,0.0001739513736664232,0.0006775971673180486,0.004394188593335117,0.0006955176582399136,0.8265517855943303,0.8024599692591912,0.8462976621865915,0.7818072997445437,0.5534570555261435,0.11288322903557946,0.0001240749197385786,0.0001466043733239006,0.0001150256030667717,0.0001284038361673272,1
0.8265517855943303,0.8283972748527019,0.8462976621865915,0.8323984558256565,0.5534570555261435,0.11288322903557946,0.0001240749197385786,0.0001466043733239006,0.0001150256030667717,0.0001284038361673272,0.8608048141207794,0.8739440434961995,0.8470974328586178,0.8766414755953076,0.5595130188469086,0.04958990729165036,0.00023393402294757872,0.0005178142127167584,0.001562377296868223,0.00027599569510161105,0.7416638471445756,0.7511661127346136,0.7776385630310979,0.7327482915923239,0.4260407520090692,0.04329317809689215,9.543552741143429e-05,0.0001209606515925253,0.0002669155961603324,0.0001134190704191311,1
0.7416638471445756,0.7838383794737632,0.7776385630310979,0.7947144933816923,0.4260407520090692,0.04329317809689215,9.543552741143429e-05,0.0001209606515925253,0.0002669155961603324,0.0001134190704191311,0.8194550696576719,0.8283972748527019,0.8028354285181472,0.8323984558256565,0.5534570555261435,0.09677663123769431,0.00032885558768696807,0.0006942618331260068,0.0013275360039189683,0.001707612031763314,0.7212362251303959,0.7184297981719412,0.7608395314319104,0.6997046975528817,0.2859187427660963,0.01783235283200879,9.551954828466638e-05,4.880975976654875e-05,0.00024795840309968834,8.201792568730246e-05,1
0.7212362251303959,0.7554003926557665,0.7608395314319104,0.7693325379835665,0.2859187427660963,0.01783235283200879,9.551954828466638e-05,4.880975976654875e-05,0.00024795840309968834,8.201792568730246e-05,0.7310939009547801,0.7838383794737632,0.7147616746904286,0.7947144933816923,0.4260407520090692,0.02592309504217294,0.0002529480294585642,0.0005728230461802468,0.0030805321116607783,0.0015083332014063323,0.7190737565341909,0.7344369805916475,0.7591949750701897,0.7126328052285674,0.2992078654929733,0.039552597335832385,4.810493090116083e-05,3.877235448316338e-06,0.0002486394461142874,5.820598076517429e-05,1
0.7190737565341909,0.769305807749863,0.7591949750701897,0.7792630755641561,0.2992078654929733,0.039552597335832385,4.810493090116083e-05,3.877235448316338e-06,0.0002486394461142874,5.820598076517429e-05,0.709830473099688,0.7554003926557665,0.6932124002051907,0.7693325379835665,0.2859187427660963,0.0,0.00025317072340592223,0.00023114421842721162,0.0028617429408129714,0.0010907368572804716,0.6889203961546215,0.6847521482931183,0.7383119145649085,0.6605750687402129,0.3231510775047495,0.076087930486894,0.00014813046704873005,5.155699559088655e-05,0.0005956618401570683,9.994648481147721e-05,1
0.6889203961546215,0.7261446692761068,0.7383119145649085,0.7392756836328298,0.3231510775047495,0.076087930486894,0.00014813046704873005,5.155699559088655e-05,0.0005956618401570683,9.994648481147721e-05,0.7075795260754878,0.769305807749863,0.6911028145284259,0.7792630755641561,0.2992078654929733,0.022114599851107197,0.00012750018581896732,1.836109338881767e-05,0.0028696030093367866,0.0007740674736981621,0.6995967828563461,0.7001616938292075,0.7532775035607423,0.6881515218810718,0.3677091286016734,0.09201295360279182,9.919667709682302e-05,2.1688500276711834e-05,0.000994408950385613,0.0,1
0.6995967828563461,0.7395309181156845,0.7532775035607423,0.7604581343924024,0.3677091286016734,0.09201295360279182,9.919667709682302e-05,2.1688500276711834e-05,0.000994408950385613,0.0,0.6761924266581154,0.7261446692761068,0.6643146749703159,0.7392756836328298,0.3231510775047495,0.05931327286422139,0.0003926138489413724,0.0002441540689261477,0.0068746654473969635,0.0013291644945414433,0.806189122468453,0.7482138945193666,0.8356883673682108,0.7378686470125596,0.4653480691753371,0.20239174614289324,9.413395283985881e-05,0.0,0.0010260791434160586,1.6063917706167865e-05,1
0.806189122468453,0.7812737919870346,0.8356883673682108,0.798647619806858,0.4653480691753371,0.20239174614289324,9.413395283985881e-05,0.0,0.0010260791434160586,1.6063917706167865e-05,0.6873056427841824,0.7395309181156845,0.6835120663913832,0.7604581343924024,0.3677091286016734,0.0755274325973545,0.0002629168055236483,0.00010270838187477916,0.011476694310308063,0.0,0.7311530284974614,0.7323827961016365,0.7762173669644773,0.7192521096761476,0.4930311952431419,0.26247000399731,0.00032438024442836544,4.980011148026189e-05,0.0012705068602197338,0.00011119875123220276,1
0.7311530284974614,0.7675213407984341,0.7762173669644773,0.7843475978487038,0.4930311952431419,0.26247000399731,0.00032438024442836544,4.980011148026189e-05,0.0012705068602197338,0.00011119875123220276,0.7982592585145991,0.7812737919870346,0.7892261555796309,0.798647619806858,0.4653480691753371,0.18791027564698126,0.0002494982583722262,0.0,0.011842207034241135,0.0002136302151951432,0.7535592528074109,0.7632264995316782,0.7892948155295253,0.753827866427759,0.5366707354999503,0.35760288168289156,0.0004200830077379945,2.9257786700316525e-05,0.0014865198277493907,0.00017655552317545126,1
0.7535592528074109,0.7943152191955422,0.7892948155295253,0.8109064617143691,0.5366707354999503,0.35760288168289156,0.0004200830077379945,2.9257786700316525e-05,0.0014865198277493907,0.00017655552317545126,0.7201530271787855,0.7675213407984341,0.712938608643072,0.7843475978487038,0.4930311952431419,0.2490793215096181,0.0008597567996843463,0.00023583414261305361,0.01466320154121386,0.0014788057054130428,0.618264734919133,0.7960910032791872,0.6354926057896292,0.7493424290429519,0.4877861882898251,0.3820775981598361,0.0006664363642059453,7.478651681550811e-05,0.0031058483977565365,0.006523134295838373,1
0.618264734919133,0.8228645637640156,0.6354926057896292,0.8074610383289356,0.4877861882898251,0.3820775981598361,0.0006664363642059453,7.478651681550811e-05,0.0031058483977565365,0.006523134295838373,0.7434760127807758,0.7943152191955422,0.7297139523306471,0.8109064617143691,0.5366707354999503,0.3459394430580014,0.0011134131271497687,0.00013855360632996847,0.017156255122880656,0.002347969847690438,0.6126780662701565,0.8562654639710285,0.6199985988920941,0.7966582707489792,0.4215423243959655,0.47758294446141036,0.0009374435003811287,8.425675314646739e-05,0.0028958293311393568,0.0067259533340773186,1
0.6126780662701565,0.8751380265161691,0.6199985988920941,0.8438060128608722,0.4215423243959655,0.47758294446141036,0.0009374435003811287,8.425675314646739e-05,0.0028958293311393568,0.0067259533340773186,0.6026458555402554,0.8228645637640156,0.5324212682522707,0.8074610383289356,0.4877861882898251,0.37085852540358255,0.0017663627965158264,0.0003541601323360996,0.03584528540434943,0.08674960920845035,0.5822277449307907,0.8345241177339022,0.5857161957529666,0.7696508513235744,0.3880679613900948,0.39131890450507667,0.0013251539346522208,0.00012434904024959245,0.0027085640697915797,0.00688033549588997,1
0.5822277449307907,0.8562513520093845,0.5857161957529666,0.8230606570604146,0.3880679613900948,0.39131890450507667,0.0013251539346522208,0.00012434904024959245,0.0027085640697915797,0.00688033549588997,0.5968306056944654,0.8751380265161691,0.5125460388058718,0.8438060128608722,0.4215423243959655,0.46809787815253223,0.002484656318059338,0.00039900752321673973,0.033421408762886254,0.08944685128707615,0.667264817483102,0.949286729288471,0.6507232600919713,0.8889823214917242,0.43345850465217506,0.39087936737251505,0.0011543927840106615,7.024264458094568e-05,0.0026367419257057687,0.0068547196000801995,1
0.667264817483102,0.9559454586364341,0.6507232600919713,0.9147233875063034,0.43345850465217506,0.39087936737251505,0.0011543927840106615,7.024264458094568e-05,0.0026367419257057687,0.0068547196000801995,0.5651343950188161,0.8562513520093845,0.46856963987497324,0.8230606570604146,0.3880679613900948,0.3802676180079736,0.003512267240421642,0.0005888691494926046,0.031260138836066945,0.09149994288363386,0.6146606797035672,0.7714396568175215,0.6049540773808633,0.6961190170388808,0.3127528012910288,0.3579546106960021,0.05103909338540758,0.031955640375586326,0.014325996342998594,0.016521885998797343,1
0.6146606797035672,0.801449976475009,0.6049540773808633,0.7665782497312152,0.3127528012910288,0.3579546106960021,0.05103909338540758,0.031955640375586326,0.014325996342998594,0.016521885998797343,0.6536507997167862,0.9559454586364341,0.5519586771923679,0.9147233875063034,0.43345850465217506,0.3798201005868602,0.0030596716742375086,0.0003326421039476289,0.030431223537120657,0.09115928318689275,0.6914137860338305,0.6440474330649608,0.6924622686875804,0.5913272699318092,0.4128238872190053,0.46929696567653245,0.21022437628045762,0.14185531723028413,0.06347642575278395,0.05519873544324113,1
0.6914137860338305,0.6907845448835902,0.6924622686875804,0.6860839957469631,0.4128238872190053,0.46929696567653245,0.21022437628045762,0.14185531723028413,0.06347642575278395,0.05519873544324113,0.5988943386966035,0.801449976475009,0.49324739521261507,0.7665782497312152,0.3127528012910288,0.34629755810498475,0.13527706554743357,0.15132960199525725,0.1653395020785251,0.21972062643208687,0.6544109613700737,0.5752895023354745,0.6711084620309514,0.5325545722569199,0.41828273677295247,0.4160044992138774,0.21008935551630237,0.14185734506953723,0.06328808368903259,0.055058125787738665,1
0.6544109613700737,0.6310546347260361,0.6711084620309514,0.6409386042005429,0.41828273677295247,0.4160044992138774,0.21008935551630237,0.14185734506953723,0.06328808368903259,0.055058125787738665,0.6787878347665275,0.6907845448835902,0.6055001773471738,0.6860839957469631,0.4128238872190053,0.45966145814952153,0.5571912595510674,0.6717721330275792,0.7325955121312709,0.7340748344789944,0.5277059990942807,0.45387188093962116,0.5812759121937362,0.39730584749866205,0.5009780029071493,0.5179913820960032,0.25827624253484427,0.1577499179676376,0.07210787560098253,0.063094181454511,1
0.5277059990942807,0.5255793311417737,0.5812759121937362,0.5370492665162132,0.5009780029071493,0.5179913820960032,0.25827624253484427,0.1577499179676376,0.07210787560098253,0.063094181454511,0.6402710219859573,0.6310546347260361,0.5781081792887468,0.6409386042005429,0.41828273677295247,0.4054014073157153,0.5568333924427125,0.6717817360930622,0.7304218145890184,0.7322049001632843,0.37594637088522354,0.2683553603568152,0.4640482085518788,0.21298410585929328,0.6040214544954108,0.5874739019425466,0.37729302582714014,0.2111658258150169,0.08664593858638035,0.07519497039074788,1
0.37594637088522354,0.36442141103582293,0.4640482085518788,0.3954652057868945,0.6040214544954108,0.5874739019425466,0.37729302582714014,0.2111658258150169,0.08664593858638035,0.07519497039074788,0.5083818660987316,0.5255793311417737,0.46287378242954924,0.5370492665162132,0.5009780029071493,0.5092399761956798,0.6845507996566457,0.7470428387679923,0.8322129897536477,0.8390744903102486,0.2625535307754432,0.3798364018824687,0.3795279123633818,0.32629157047353774,0.711240904535674,0.632156510754788,0.3359200177430642,0.19042137092534678,0.07684854419885694,0.06651475752386658,1
0.2625535307754432,0.46126482275505165,0.3795279123633818,0.48250068412138236,0.711240904535674,0.632156510754788,0.3359200177430642,0.19042137092534678,0.07684854419885694,0.06651475752386658,0.35041292074136643,0.36442141103582293,0.3124977355641636,0.3954652057868945,0.6040214544954108,0.5799840289517353,1.0,1.0,1.0000000000000002,1.0,0.2509705078267157,0.321266277713101,0.3808078576187163,0.2553766834253538,0.6809083593851606,0.6210651046157745,0.20066431937114468,0.0929982307436662,0.03460491841831615,0.02949865814859004,1
0.2509705078267157,0.4103850447070937,0.3808078576187163,0.42802844668947226,0.6809083593851606,0.6210651046157745,0.20066431937114468,0.0929982307436662,0.03460491841831615,0.02949865814859004,0.23238055881080832,0.46126482275505165,0.20407773222137415,0.48250068412138236,0.711240904535674,0.6254779005337205,0.8903425050241153,0.9017622533873335,0.8869260977794586,0.8845639166851867,0.12329390256731365,0.3254174015688649,0.24139203488083238,0.23558969261795182,0.7812115740439305,0.5111666268620909,0.400538843060415,0.29299257815656016,0.2346067038378278,0.22942440663920147,1
0.12329390256731365,0.41399111970567304,0.24139203488083238,0.41282935794818343,0.7812115740439305,0.5111666268620909,0.400538843060415,0.29299257815656016,0.2346067038378278,0.22942440663920147,0.22032361098579112,0.4103850447070937,0.2057196061276424,0.42802844668947226,0.6809083593851606,0.6141851175032524,0.5318527129708479,0.44040379348661024,0.39938304071595127,0.39229562822222497,0.28149370014310415,0.4791070465487315,0.3642293022562405,0.4023761877336737,0.6040301188351793,0.4244573014873305,0.3522537051264514,0.27708960704834823,0.2257104605826786,0.22141474196042388,1
0.3264774592165891,0.0,0.4147471558590956,0.0,0.6758970596175355,0.659693219137246,0.12145236061603108,0.06280205048853574,0.044295870108396716,0.04022367397818424,0.020409268890588028,0.633788263348603,0.0,0.6150494412252341,0.7102980863581081,0.8298185472389266,0.11413874943301604,0.2634474155977456,0.12132134396297599,0.06863566458491961,0.0,0.7791795020136336,0.0,0.6570223526415345,0.9566385770647998,0.0,1.0,1.0,1.0,1.0000000000000002,1
0.0,0.8081735682598751,0.0,0.7365467165158988,0.9566385770647998,0.0,1.0,1.0,1.0,1.0000000000000002,0.29891996509504737,0.0,0.24925588078133498,0.0,0.6758970596175355,0.6535145686747028,0.321904600144068,0.2974063167946071,0.511228464150534,0.5349250590719488,0.9445410567452914,0.9202674356758911,0.9276783887036258,0.8938867896477655,0.0,0.07965582445294794,0.0013607953833586182,6.16243695738208e-05,0.0003167757390316045,0.000988474435879973,1
0.9445410567452914,0.9307364422811505,0.9276783887036258,0.9184906832744204,0.0,0.07965582445294794,0.0013607953833586182,6.16243695738208e-05,0.0003167757390316045,0.000988474435879973,0.9422719277849585,0.9307364422811505,0.9072280896765721,0.9184906832744204,0.0,0.06294594593825487,0.003606733467641879,0.00029182927368088564,0.0036559790822255304,0.013145486070988553,0.9445410567452914,0.9202674356758911,0.9276783887036258,0.8938867896477655,0.0,0.07965582445294794,0.0013607953833586182,6.16243695738208e-05,0.0003167757390316045,0.000988474435879973,1
